Path,Reason,Child Folders
2025 Kakawow Aura Marvel / 2025 Kakawow Aura Marvel - Major Events Orange,Subset folder contains 2 loose file(s) at card-number level,
2025 Topps Chrome Sapphire Edition Marvel Studios / SS-10,Subset folder contains 2 loose file(s) at card-number level,
2025 Topps Chrome Sapphire Edition Marvel Studios / SS-3,Subset folder contains 2 loose file(s) at card-number level,
2025 Topps Chrome Sapphire Edition Marvel Studios / SS-5,Subset folder contains 2 loose file(s) at card-number level,
2025 Topps Chrome Sapphire Edition Marvel Studios / SS-6,Subset folder contains 2 loose file(s) at card-number level,
2025 Topps Chrome Sapphire Edition Marvel Studios / SS-7,Subset folder contains 2 loose file(s) at card-number level,
Marvel Card Images,Does not match any main set and does not follow the Main Set → Subset → Card structure,2025 Topps Mint Marvel | 2026 Topps Brooklyn Collection - Captain America
2025 Topps Mint Marvel / 2025 Topps Mint Marvel - Gambits Double Sided Chrome Playing Cards / C♣,Card folder contains 7 nested folder(s) (unexpected depth),C-10 | C-2 | C-3 | C-4 | C-6 | C-9 | C-J
2025 Topps Mint Marvel / 2025 Topps Mint Marvel - Gambits Double Sided Chrome Playing Cards / D♦,Card folder contains 9 nested folder(s) (unexpected depth),D-10 | D-2 | D-3 | D-5 | D-6 | D-7 | D-8 | D-9 | D-J
2025 Topps Mint Marvel / 2025 Topps Mint Marvel - Gambits Double Sided Chrome Playing Cards / H♥,Card folder contains 9 nested folder(s) (unexpected depth),H-10 | H-2 | H-3 | H-7 | H-8 | H-9 | H-J | H-K | H-Q
2025 Topps Mint Marvel / 2025 Topps Mint Marvel - Gambits Double Sided Chrome Playing Cards / S♠,Card folder contains 7 nested folder(s) (unexpected depth),S-10 | S-3 | S-5 | S-6 | S-7 | S-J | S-K
